{"cameraMode":{"drawMode":0,"name":"Shaded","section":"Shading Mode"},"sceneLighting":true,"audioPlay":false,"sceneViewState":{"showFog":true,"showMaterialUpdate":false,"showSkybox":true,"showFlares":true,"showImageEffects":true,"showParticleSystems":true},"in2DMode":false,"pivot":{"x":351.5394592285156,"y":6.418419361114502,"z":251.9416961669922},"rotation":{"x":-0.042825181037187579,"y":0.053019724786281589,"z":-0.002274145605042577,"w":-0.997674286365509},"size":12.65339469909668,"orthographic":false}