{"cameraMode":{"drawMode":0,"name":"Shaded","section":"Shading Mode"},"sceneLighting":true,"audioPlay":false,"sceneViewState":{"showFog":true,"showMaterialUpdate":false,"showSkybox":true,"showFlares":true,"showImageEffects":true,"showParticleSystems":true},"in2DMode":false,"pivot":{"x":350.6634216308594,"y":5.438782215118408,"z":269.7403564453125},"rotation":{"x":0.02039533481001854,"y":-0.010497638955712319,"z":0.0002143013698514551,"w":0.9997382164001465},"size":27.360172271728517,"orthographic":false}