{"cameraMode":{"drawMode":0,"name":"Shaded","section":"Shading Mode"},"sceneLighting":true,"audioPlay":false,"sceneViewState":{"showFog":true,"showMaterialUpdate":false,"showSkybox":true,"showFlares":true,"showImageEffects":true,"showParticleSystems":true},"in2DMode":false,"pivot":{"x":350.99169921875,"y":4.894969940185547,"z":253.67608642578126},"rotation":{"x":-0.06975630670785904,"y":-0.048769451677799228,"z":0.0034418809227645399,"w":-0.9963762164115906},"size":27.36466407775879,"orthographic":false}