{"cameraMode":{"drawMode":0,"name":"Shaded","section":"Shading Mode"},"sceneLighting":true,"audioPlay":false,"sceneViewState":{"showFog":true,"showMaterialUpdate":false,"showSkybox":true,"showFlares":true,"showImageEffects":true,"showParticleSystems":true},"in2DMode":false,"pivot":{"x":352.5799865722656,"y":12.199999809265137,"z":230.2899932861328},"rotation":{"x":-0.12203060835599899,"y":0.03184813633561134,"z":-0.0039163557812571529,"w":-0.9920091032981873},"size":22.0,"orthographic":false}