{"cameraMode":{"drawMode":0,"name":"Shaded","section":"Shading Mode"},"sceneLighting":true,"audioPlay":false,"sceneViewState":{"showFog":true,"showMaterialUpdate":false,"showSkybox":true,"showFlares":true,"showImageEffects":true,"showParticleSystems":true},"in2DMode":false,"pivot":{"x":351.9248962402344,"y":12.806607246398926,"z":259.702880859375},"rotation":{"x":-0.06654398888349533,"y":0.01646268181502819,"z":0.0010982089443132282,"w":0.9976478815078735},"size":27.360172271728517,"orthographic":false}