{"cameraMode":{"drawMode":0,"name":"Shaded","section":"Shading Mode"},"sceneLighting":true,"audioPlay":false,"sceneViewState":{"showFog":true,"showMaterialUpdate":false,"showSkybox":true,"showFlares":true,"showImageEffects":true,"showParticleSystems":true},"in2DMode":false,"pivot":{"x":358.1357116699219,"y":13.474567413330079,"z":248.21878051757813},"rotation":{"x":-0.09761065989732743,"y":0.15637324750423432,"z":0.015531870536506176,"w":0.9827418327331543},"size":27.45572853088379,"orthographic":false}